Service Directory,Package,Status,Owned by SDK team,CI,CI Link,CI Build Number,Live Tests,Live Tests Link,Live Tests Build Number
web-pubsub,@azure/web-pubsub-express,GOOD,NO,succeeded,https://dev.azure.com/azure-sdk/590cfd2a-581c-4dcb-a12e-6568ce786175/_build/results?buildId=4851159,20250509.1,UNKNOWN,,
web-pubsub,@azure/web-pubsub-client-protobuf,GOOD,NO,succeeded,https://dev.azure.com/azure-sdk/590cfd2a-581c-4dcb-a12e-6568ce786175/_build/results?buildId=4851159,20250509.1,UNKNOWN,,
web-pubsub,@azure/web-pubsub,GOOD,NO,succeeded,https://dev.azure.com/azure-sdk/590cfd2a-581c-4dcb-a12e-6568ce786175/_build/results?buildId=4851159,20250509.1,succeeded,https://dev.azure.com/azure-sdk/590cfd2a-581c-4dcb-a12e-6568ce786175/_build/results?buildId=4851886,20250509.1
web-pubsub,@azure/web-pubsub-client,GOOD,NO,succeeded,https://dev.azure.com/azure-sdk/590cfd2a-581c-4dcb-a12e-6568ce786175/_build/results?buildId=4851159,20250509.1,UNKNOWN,,
vision,@azure-rest/ai-vision-image-analysis,GOOD,NO,succeeded,https://dev.azure.com/azure-sdk/590cfd2a-581c-4dcb-a12e-6568ce786175/_build/results?buildId=4855483,20250512.1,UNKNOWN,,
translation,@azure-rest/ai-translation-text,GOOD,NO,succeeded,https://dev.azure.com/azure-sdk/590cfd2a-581c-4dcb-a12e-6568ce786175/_build/results?buildId=4854777,20250512.1,failed,https://dev.azure.com/azure-sdk/590cfd2a-581c-4dcb-a12e-6568ce786175/_build/results?buildId=4855057,20250512.1
translation,@azure-rest/ai-translation-document,GOOD,NO,succeeded,https://dev.azure.com/azure-sdk/590cfd2a-581c-4dcb-a12e-6568ce786175/_build/results?buildId=4854777,20250512.1,succeeded,https://dev.azure.com/azure-sdk/590cfd2a-581c-4dcb-a12e-6568ce786175/_build/results?buildId=4855869,20250512.1
textanalytics,@azure/ai-text-analytics,GOOD,NO,succeeded,https://dev.azure.com/azure-sdk/590cfd2a-581c-4dcb-a12e-6568ce786175/_build/results?buildId=4850281,20250509.1,succeeded,https://dev.azure.com/azure-sdk/590cfd2a-581c-4dcb-a12e-6568ce786175/_build/results?buildId=4851449,20250509.1
template,@azure/template-dpg,GOOD,YES,succeeded,https://dev.azure.com/azure-sdk/590cfd2a-581c-4dcb-a12e-6568ce786175/_build/results?buildId=4850688,20250509.8,UNKNOWN,,
template,@azure/template,GOOD,YES,succeeded,https://dev.azure.com/azure-sdk/590cfd2a-581c-4dcb-a12e-6568ce786175/_build/results?buildId=4850688,20250509.8,succeeded,https://dev.azure.com/azure-sdk/590cfd2a-581c-4dcb-a12e-6568ce786175/_build/results?buildId=4854645,20250512.1
tables,@azure/data-tables,GOOD,YES,succeeded,https://dev.azure.com/azure-sdk/590cfd2a-581c-4dcb-a12e-6568ce786175/_build/results?buildId=4856284,20250512.1,succeeded,https://dev.azure.com/azure-sdk/590cfd2a-581c-4dcb-a12e-6568ce786175/_build/results?buildId=4850111,20250509.1
synapse,@azure/synapse-spark,GOOD,NO,succeeded,https://dev.azure.com/azure-sdk/590cfd2a-581c-4dcb-a12e-6568ce786175/_build/results?buildId=4855780,20250512.1,UNKNOWN,,
synapse,@azure/synapse-monitoring,GOOD,NO,succeeded,https://dev.azure.com/azure-sdk/590cfd2a-581c-4dcb-a12e-6568ce786175/_build/results?buildId=4855780,20250512.1,UNKNOWN,,
synapse,@azure/synapse-managed-private-endpoints,GOOD,NO,succeeded,https://dev.azure.com/azure-sdk/590cfd2a-581c-4dcb-a12e-6568ce786175/_build/results?buildId=4855780,20250512.1,UNKNOWN,,
synapse,@azure/synapse-artifacts,GOOD,NO,succeeded,https://dev.azure.com/azure-sdk/590cfd2a-581c-4dcb-a12e-6568ce786175/_build/results?buildId=4855780,20250512.1,UNKNOWN,,
synapse,@azure-rest/synapse-access-control,GOOD,NO,succeeded,https://dev.azure.com/azure-sdk/590cfd2a-581c-4dcb-a12e-6568ce786175/_build/results?buildId=4855780,20250512.1,UNKNOWN,,
synapse,@azure/synapse-access-control,GOOD,NO,succeeded,https://dev.azure.com/azure-sdk/590cfd2a-581c-4dcb-a12e-6568ce786175/_build/results?buildId=4855780,20250512.1,UNKNOWN,,
storage,@azure/storage-queue,GOOD,NO,succeeded,https://dev.azure.com/azure-sdk/590cfd2a-581c-4dcb-a12e-6568ce786175/_build/results?buildId=4851076,20250509.1,failed,https://dev.azure.com/azure-sdk/590cfd2a-581c-4dcb-a12e-6568ce786175/_build/results?buildId=4854401,20250512.1
storage,@azure/storage-internal-avro,GOOD,NO,succeeded,https://dev.azure.com/azure-sdk/590cfd2a-581c-4dcb-a12e-6568ce786175/_build/results?buildId=4851076,20250509.1,UNKNOWN,,
storage,@azure/storage-file-share,GOOD,NO,succeeded,https://dev.azure.com/azure-sdk/590cfd2a-581c-4dcb-a12e-6568ce786175/_build/results?buildId=4851076,20250509.1,failed,https://dev.azure.com/azure-sdk/590cfd2a-581c-4dcb-a12e-6568ce786175/_build/results?buildId=4854315,20250512.1
storage,@azure/storage-file-datalake,GOOD,NO,succeeded,https://dev.azure.com/azure-sdk/590cfd2a-581c-4dcb-a12e-6568ce786175/_build/results?buildId=4851076,20250509.1,failed,https://dev.azure.com/azure-sdk/590cfd2a-581c-4dcb-a12e-6568ce786175/_build/results?buildId=4851539,20250509.1
storage,@azure/storage-common,GOOD,NO,succeeded,https://dev.azure.com/azure-sdk/590cfd2a-581c-4dcb-a12e-6568ce786175/_build/results?buildId=4851076,20250509.1,UNKNOWN,,
storage,@azure/storage-blob-changefeed,GOOD,NO,succeeded,https://dev.azure.com/azure-sdk/590cfd2a-581c-4dcb-a12e-6568ce786175/_build/results?buildId=4851076,20250509.1,UNKNOWN,,
storage,@azure/storage-blob,GOOD,NO,succeeded,https://dev.azure.com/azure-sdk/590cfd2a-581c-4dcb-a12e-6568ce786175/_build/results?buildId=4851076,20250509.1,failed,https://dev.azure.com/azure-sdk/590cfd2a-581c-4dcb-a12e-6568ce786175/_build/results?buildId=4854277,20250512.1
servicebus,@azure/service-bus,GOOD,YES,succeeded,https://dev.azure.com/azure-sdk/590cfd2a-581c-4dcb-a12e-6568ce786175/_build/results?buildId=4851005,20250509.1,succeeded,https://dev.azure.com/azure-sdk/590cfd2a-581c-4dcb-a12e-6568ce786175/_build/results?buildId=4854773,20250512.1
search,@azure/search-documents,GOOD,YES,succeeded,https://dev.azure.com/azure-sdk/590cfd2a-581c-4dcb-a12e-6568ce786175/_build/results?buildId=4851312,20250509.1,succeeded,https://dev.azure.com/azure-sdk/590cfd2a-581c-4dcb-a12e-6568ce786175/_build/results?buildId=4854699,20250512.1
schemaregistry,@azure/schema-registry-json,GOOD,YES,succeeded,https://dev.azure.com/azure-sdk/590cfd2a-581c-4dcb-a12e-6568ce786175/_build/results?buildId=4856137,20250512.1,failed,https://dev.azure.com/azure-sdk/590cfd2a-581c-4dcb-a12e-6568ce786175/_build/results?buildId=4854644,20250512.1
schemaregistry,@azure/schema-registry-avro,GOOD,YES,succeeded,https://dev.azure.com/azure-sdk/590cfd2a-581c-4dcb-a12e-6568ce786175/_build/results?buildId=4856137,20250512.1,succeeded,https://dev.azure.com/azure-sdk/590cfd2a-581c-4dcb-a12e-6568ce786175/_build/results?buildId=4851623,20250509.1
schemaregistry,@azure/schema-registry,GOOD,YES,succeeded,https://dev.azure.com/azure-sdk/590cfd2a-581c-4dcb-a12e-6568ce786175/_build/results?buildId=4856137,20250512.1,succeeded,https://dev.azure.com/azure-sdk/590cfd2a-581c-4dcb-a12e-6568ce786175/_build/results?buildId=4851601,20250509.1
quantum,@azure/quantum-jobs,GOOD,NO,succeeded,https://dev.azure.com/azure-sdk/590cfd2a-581c-4dcb-a12e-6568ce786175/_build/results?buildId=4850433,20250509.2,UNKNOWN,,
purview,@azure-rest/purview-workflow,GOOD,NO,succeeded,https://dev.azure.com/azure-sdk/590cfd2a-581c-4dcb-a12e-6568ce786175/_build/results?buildId=4851843,20250509.1,UNKNOWN,,
purview,@azure-rest/purview-sharing,GOOD,NO,succeeded,https://dev.azure.com/azure-sdk/590cfd2a-581c-4dcb-a12e-6568ce786175/_build/results?buildId=4851843,20250509.1,UNKNOWN,,
purview,@azure-rest/purview-scanning,GOOD,NO,succeeded,https://dev.azure.com/azure-sdk/590cfd2a-581c-4dcb-a12e-6568ce786175/_build/results?buildId=4851843,20250509.1,UNKNOWN,,
purview,@azure-rest/purview-datamap,GOOD,NO,succeeded,https://dev.azure.com/azure-sdk/590cfd2a-581c-4dcb-a12e-6568ce786175/_build/results?buildId=4851843,20250509.1,UNKNOWN,,
purview,@azure-rest/purview-administration,GOOD,NO,succeeded,https://dev.azure.com/azure-sdk/590cfd2a-581c-4dcb-a12e-6568ce786175/_build/results?buildId=4851843,20250509.1,UNKNOWN,,
playwrighttesting,@azure/microsoft-playwright-testing,GOOD,NO,succeeded,https://dev.azure.com/azure-sdk/590cfd2a-581c-4dcb-a12e-6568ce786175/_build/results?buildId=4856239,20250512.1,UNKNOWN,,
playwrighttesting,@azure/create-microsoft-playwright-testing,GOOD,NO,succeeded,https://dev.azure.com/azure-sdk/590cfd2a-581c-4dcb-a12e-6568ce786175/_build/results?buildId=4856239,20250512.1,UNKNOWN,,
openai,@azure/openai,GOOD,NO,succeeded,https://dev.azure.com/azure-sdk/590cfd2a-581c-4dcb-a12e-6568ce786175/_build/results?buildId=4854570,20250512.1,succeeded,https://dev.azure.com/azure-sdk/590cfd2a-581c-4dcb-a12e-6568ce786175/_build/results?buildId=4853869,20250512.1
notificationhubs,@azure/notification-hubs,BLOCKED,YES,failed,https://dev.azure.com/azure-sdk/590cfd2a-581c-4dcb-a12e-6568ce786175/_build/results?buildId=4851428,20250509.1,UNKNOWN,,
monitor,@azure/monitor-query,BLOCKED,YES,failed,https://dev.azure.com/azure-sdk/590cfd2a-581c-4dcb-a12e-6568ce786175/_build/results?buildId=4854855,20250512.1,succeeded,https://dev.azure.com/azure-sdk/590cfd2a-581c-4dcb-a12e-6568ce786175/_build/results?buildId=4851453,20250509.1
monitor,@azure/monitor-opentelemetry-exporter,BLOCKED,NO,failed,https://dev.azure.com/azure-sdk/590cfd2a-581c-4dcb-a12e-6568ce786175/_build/results?buildId=4854855,20250512.1,succeeded,https://dev.azure.com/azure-sdk/590cfd2a-581c-4dcb-a12e-6568ce786175/_build/results?buildId=4851770,20250509.1
monitor,@azure/monitor-opentelemetry,BLOCKED,NO,failed,https://dev.azure.com/azure-sdk/590cfd2a-581c-4dcb-a12e-6568ce786175/_build/results?buildId=4854855,20250512.1,failed,https://dev.azure.com/azure-sdk/590cfd2a-581c-4dcb-a12e-6568ce786175/_build/results?buildId=4851083,20250509.1
monitor,@azure/monitor-ingestion,BLOCKED,YES,failed,https://dev.azure.com/azure-sdk/590cfd2a-581c-4dcb-a12e-6568ce786175/_build/results?buildId=4854855,20250512.1,succeeded,https://dev.azure.com/azure-sdk/590cfd2a-581c-4dcb-a12e-6568ce786175/_build/results?buildId=4854599,20250512.1
metricsadvisor,@azure/ai-metrics-advisor,NEEDS_ACTION,YES,UNKNOWN,,,succeeded,https://dev.azure.com/azure-sdk/590cfd2a-581c-4dcb-a12e-6568ce786175/_build/results?buildId=1436743,20220315.1
maps,@azure-rest/maps-timezone,GOOD,NO,succeeded,https://dev.azure.com/azure-sdk/590cfd2a-581c-4dcb-a12e-6568ce786175/_build/results?buildId=4851919,20250509.1,failed,https://dev.azure.com/azure-sdk/590cfd2a-581c-4dcb-a12e-6568ce786175/_build/results?buildId=4851931,20250509.1
maps,@azure-rest/maps-search,GOOD,NO,succeeded,https://dev.azure.com/azure-sdk/590cfd2a-581c-4dcb-a12e-6568ce786175/_build/results?buildId=4851919,20250509.1,succeeded,https://dev.azure.com/azure-sdk/590cfd2a-581c-4dcb-a12e-6568ce786175/_build/results?buildId=4854646,20250512.1
maps,@azure-rest/maps-route,GOOD,NO,succeeded,https://dev.azure.com/azure-sdk/590cfd2a-581c-4dcb-a12e-6568ce786175/_build/results?buildId=4851919,20250509.1,succeeded,https://dev.azure.com/azure-sdk/590cfd2a-581c-4dcb-a12e-6568ce786175/_build/results?buildId=4855164,20250512.1
maps,@azure-rest/maps-render,GOOD,NO,succeeded,https://dev.azure.com/azure-sdk/590cfd2a-581c-4dcb-a12e-6568ce786175/_build/results?buildId=4851919,20250509.1,succeeded,https://dev.azure.com/azure-sdk/590cfd2a-581c-4dcb-a12e-6568ce786175/_build/results?buildId=4854115,20250512.1
maps,@azure-rest/maps-geolocation,GOOD,NO,succeeded,https://dev.azure.com/azure-sdk/590cfd2a-581c-4dcb-a12e-6568ce786175/_build/results?buildId=4851919,20250509.1,succeeded,https://dev.azure.com/azure-sdk/590cfd2a-581c-4dcb-a12e-6568ce786175/_build/results?buildId=4854665,20250512.1
maps,@azure/maps-common,GOOD,NO,succeeded,https://dev.azure.com/azure-sdk/590cfd2a-581c-4dcb-a12e-6568ce786175/_build/results?buildId=4851919,20250509.1,UNKNOWN,,
loadtesting,@azure-rest/load-testing,GOOD,NO,succeeded,https://dev.azure.com/azure-sdk/590cfd2a-581c-4dcb-a12e-6568ce786175/_build/results?buildId=4854919,20250512.1,UNKNOWN,,
keyvault,@azure/keyvault-secrets,BLOCKED,YES,failed,https://dev.azure.com/azure-sdk/590cfd2a-581c-4dcb-a12e-6568ce786175/_build/results?buildId=4850976,20250509.1,succeeded,https://dev.azure.com/azure-sdk/590cfd2a-581c-4dcb-a12e-6568ce786175/_build/results?buildId=4854918,20250512.1
keyvault,@azure/keyvault-common,BLOCKED,YES,failed,https://dev.azure.com/azure-sdk/590cfd2a-581c-4dcb-a12e-6568ce786175/_build/results?buildId=4850976,20250509.1,UNKNOWN,,
keyvault,@azure/keyvault-keys,BLOCKED,YES,failed,https://dev.azure.com/azure-sdk/590cfd2a-581c-4dcb-a12e-6568ce786175/_build/results?buildId=4850976,20250509.1,succeeded,https://dev.azure.com/azure-sdk/590cfd2a-581c-4dcb-a12e-6568ce786175/_build/results?buildId=4854880,20250512.1
keyvault,@azure/keyvault-certificates,BLOCKED,YES,failed,https://dev.azure.com/azure-sdk/590cfd2a-581c-4dcb-a12e-6568ce786175/_build/results?buildId=4850976,20250509.1,succeeded,https://dev.azure.com/azure-sdk/590cfd2a-581c-4dcb-a12e-6568ce786175/_build/results?buildId=4850541,20250509.1
keyvault,@azure/keyvault-admin,BLOCKED,YES,failed,https://dev.azure.com/azure-sdk/590cfd2a-581c-4dcb-a12e-6568ce786175/_build/results?buildId=4850976,20250509.1,succeeded,https://dev.azure.com/azure-sdk/590cfd2a-581c-4dcb-a12e-6568ce786175/_build/results?buildId=4854714,20250512.1
iot,@azure/iot-modelsrepository,GOOD,NO,succeeded,https://dev.azure.com/azure-sdk/590cfd2a-581c-4dcb-a12e-6568ce786175/_build/results?buildId=4851434,20250509.1,UNKNOWN,,
instrumentation,@azure/opentelemetry-instrumentation-azure-sdk,BLOCKED,YES,failed,https://dev.azure.com/azure-sdk/590cfd2a-581c-4dcb-a12e-6568ce786175/_build/results?buildId=4850127,20250509.1,succeeded,https://dev.azure.com/azure-sdk/590cfd2a-581c-4dcb-a12e-6568ce786175/_build/results?buildId=4850216,20250509.1
identity,@azure/identity-vscode,GOOD,YES,succeeded,https://dev.azure.com/azure-sdk/590cfd2a-581c-4dcb-a12e-6568ce786175/_build/results?buildId=4850973,20250509.2,UNKNOWN,,
identity,@azure/identity-cache-persistence,GOOD,YES,succeeded,https://dev.azure.com/azure-sdk/590cfd2a-581c-4dcb-a12e-6568ce786175/_build/results?buildId=4850973,20250509.2,UNKNOWN,,
identity,@azure/identity-broker,GOOD,YES,succeeded,https://dev.azure.com/azure-sdk/590cfd2a-581c-4dcb-a12e-6568ce786175/_build/results?buildId=4850973,20250509.2,UNKNOWN,,
identity,@azure/identity,GOOD,YES,succeeded,https://dev.azure.com/azure-sdk/590cfd2a-581c-4dcb-a12e-6568ce786175/_build/results?buildId=4850973,20250509.2,succeeded,https://dev.azure.com/azure-sdk/590cfd2a-581c-4dcb-a12e-6568ce786175/_build/results?buildId=4851647,20250509.2
healthinsights,@azure-rest/health-insights-radiologyinsights,GOOD,NO,succeeded,https://dev.azure.com/azure-sdk/590cfd2a-581c-4dcb-a12e-6568ce786175/_build/results?buildId=4854674,20250512.1,UNKNOWN,,
healthinsights,@azure-rest/health-insights-clinicalmatching,GOOD,NO,succeeded,https://dev.azure.com/azure-sdk/590cfd2a-581c-4dcb-a12e-6568ce786175/_build/results?buildId=4854674,20250512.1,UNKNOWN,,
healthinsights,@azure-rest/health-insights-cancerprofiling,GOOD,NO,succeeded,https://dev.azure.com/azure-sdk/590cfd2a-581c-4dcb-a12e-6568ce786175/_build/results?buildId=4854674,20250512.1,UNKNOWN,,
healthdataaiservices,@azure-rest/health-deidentification,GOOD,NO,succeeded,https://dev.azure.com/azure-sdk/590cfd2a-581c-4dcb-a12e-6568ce786175/_build/results?buildId=4851924,20250509.1,failed,https://dev.azure.com/azure-sdk/590cfd2a-581c-4dcb-a12e-6568ce786175/_build/results?buildId=4851607,20250509.1
formrecognizer,@azure/ai-form-recognizer,NEEDS_ACTION,YES,UNKNOWN,,,UNKNOWN,https://dev.azure.com/azure-sdk/590cfd2a-581c-4dcb-a12e-6568ce786175/_build/results?buildId=4718569,20250403.1
face,@azure-rest/ai-vision-face,GOOD,NO,succeeded,https://dev.azure.com/azure-sdk/590cfd2a-581c-4dcb-a12e-6568ce786175/_build/results?buildId=4855467,20250512.1,UNKNOWN,,
eventgrid,@azure/eventgrid-systemevents,GOOD,YES,succeeded,https://dev.azure.com/azure-sdk/590cfd2a-581c-4dcb-a12e-6568ce786175/_build/results?buildId=4850755,20250509.1,succeeded,https://dev.azure.com/azure-sdk/590cfd2a-581c-4dcb-a12e-6568ce786175/_build/results?buildId=4850279,20250509.1
eventgrid,@azure/eventgrid-namespaces,GOOD,YES,succeeded,https://dev.azure.com/azure-sdk/590cfd2a-581c-4dcb-a12e-6568ce786175/_build/results?buildId=4850755,20250509.1,succeeded,https://dev.azure.com/azure-sdk/590cfd2a-581c-4dcb-a12e-6568ce786175/_build/results?buildId=4851497,20250509.1
eventgrid,@azure/eventgrid,GOOD,YES,succeeded,https://dev.azure.com/azure-sdk/590cfd2a-581c-4dcb-a12e-6568ce786175/_build/results?buildId=4850755,20250509.1,succeeded,https://dev.azure.com/azure-sdk/590cfd2a-581c-4dcb-a12e-6568ce786175/_build/results?buildId=4854732,20250512.1
entra,@azure/functions-authentication-events,GOOD,NO,succeeded,https://dev.azure.com/azure-sdk/590cfd2a-581c-4dcb-a12e-6568ce786175/_build/results?buildId=4850347,20250509.1,UNKNOWN,,
eventhub,@azure/eventhubs-checkpointstore-table,BLOCKED,YES,failed,https://dev.azure.com/azure-sdk/590cfd2a-581c-4dcb-a12e-6568ce786175/_build/results?buildId=4850817,20250509.1,succeeded,https://dev.azure.com/azure-sdk/590cfd2a-581c-4dcb-a12e-6568ce786175/_build/results?buildId=4855131,20250512.1
eventhub,@azure/eventhubs-checkpointstore-blob,BLOCKED,YES,failed,https://dev.azure.com/azure-sdk/590cfd2a-581c-4dcb-a12e-6568ce786175/_build/results?buildId=4850817,20250509.1,succeeded,https://dev.azure.com/azure-sdk/590cfd2a-581c-4dcb-a12e-6568ce786175/_build/results?buildId=4854873,20250512.1
eventhub,@azure/event-hubs,BLOCKED,YES,failed,https://dev.azure.com/azure-sdk/590cfd2a-581c-4dcb-a12e-6568ce786175/_build/results?buildId=4850817,20250509.1,failed,https://dev.azure.com/azure-sdk/590cfd2a-581c-4dcb-a12e-6568ce786175/_build/results?buildId=4854842,20250512.1
easm,@azure-rest/defender-easm,GOOD,NO,succeeded,https://dev.azure.com/azure-sdk/590cfd2a-581c-4dcb-a12e-6568ce786175/_build/results?buildId=4855356,20250512.1,UNKNOWN,,
documentintelligence,@azure-rest/ai-document-intelligence,NEEDS_ACTION,NO,UNKNOWN,,,succeeded,https://dev.azure.com/azure-sdk/590cfd2a-581c-4dcb-a12e-6568ce786175/_build/results?buildId=4855020,20250512.1
documenttranslator,@azure-rest/ai-document-translator,GOOD,NO,succeeded,https://dev.azure.com/azure-sdk/590cfd2a-581c-4dcb-a12e-6568ce786175/_build/results?buildId=4851067,20250509.1,UNKNOWN,,
digitaltwins,@azure/digital-twins-core,GOOD,NO,succeeded,https://dev.azure.com/azure-sdk/590cfd2a-581c-4dcb-a12e-6568ce786175/_build/results?buildId=4850219,20250509.1,failed,https://dev.azure.com/azure-sdk/590cfd2a-581c-4dcb-a12e-6568ce786175/_build/results?buildId=4854460,20250512.1
deviceupdate,@azure-rest/iot-device-update,GOOD,NO,succeeded,https://dev.azure.com/azure-sdk/590cfd2a-581c-4dcb-a12e-6568ce786175/_build/results?buildId=4855340,20250512.1,UNKNOWN,,
devcenter,@azure-rest/developer-devcenter,GOOD,NO,succeeded,https://dev.azure.com/azure-sdk/590cfd2a-581c-4dcb-a12e-6568ce786175/_build/results?buildId=4851837,20250509.1,UNKNOWN,,
cosmosdb,@azure/cosmos,NEEDS_ACTION,NO,UNKNOWN,https://dev.azure.com/azure-sdk/590cfd2a-581c-4dcb-a12e-6568ce786175/_build/results?buildId=4850759,20250509.2,UNKNOWN,,
contentsafety,@azure-rest/ai-content-safety,GOOD,NO,succeeded,https://dev.azure.com/azure-sdk/590cfd2a-581c-4dcb-a12e-6568ce786175/_build/results?buildId=4851546,20250509.1,UNKNOWN,,
core,@typespec/ts-http-runtime,GOOD,YES,succeeded,https://dev.azure.com/azure-sdk/590cfd2a-581c-4dcb-a12e-6568ce786175/_build/results?buildId=4855881,20250512.3,UNKNOWN,,
core,@azure/logger,GOOD,YES,succeeded,https://dev.azure.com/azure-sdk/590cfd2a-581c-4dcb-a12e-6568ce786175/_build/results?buildId=4855881,20250512.3,UNKNOWN,,
core,@azure/core-xml,GOOD,YES,succeeded,https://dev.azure.com/azure-sdk/590cfd2a-581c-4dcb-a12e-6568ce786175/_build/results?buildId=4855881,20250512.3,UNKNOWN,,
core,@azure/core-tracing,GOOD,YES,succeeded,https://dev.azure.com/azure-sdk/590cfd2a-581c-4dcb-a12e-6568ce786175/_build/results?buildId=4855881,20250512.3,UNKNOWN,,
core,@azure/core-util,GOOD,YES,succeeded,https://dev.azure.com/azure-sdk/590cfd2a-581c-4dcb-a12e-6568ce786175/_build/results?buildId=4855881,20250512.3,UNKNOWN,,
core,@azure/core-sse,GOOD,YES,succeeded,https://dev.azure.com/azure-sdk/590cfd2a-581c-4dcb-a12e-6568ce786175/_build/results?buildId=4855881,20250512.3,UNKNOWN,,
core,@azure/core-rest-pipeline,GOOD,YES,succeeded,https://dev.azure.com/azure-sdk/590cfd2a-581c-4dcb-a12e-6568ce786175/_build/results?buildId=4855881,20250512.3,UNKNOWN,,
core,@azure/core-paging,GOOD,YES,succeeded,https://dev.azure.com/azure-sdk/590cfd2a-581c-4dcb-a12e-6568ce786175/_build/results?buildId=4855881,20250512.3,UNKNOWN,,
core,@azure/core-lro,GOOD,YES,succeeded,https://dev.azure.com/azure-sdk/590cfd2a-581c-4dcb-a12e-6568ce786175/_build/results?buildId=4855881,20250512.3,UNKNOWN,,
core,@azure/core-http-compat,GOOD,YES,succeeded,https://dev.azure.com/azure-sdk/590cfd2a-581c-4dcb-a12e-6568ce786175/_build/results?buildId=4855881,20250512.3,UNKNOWN,,
core,@azure-rest/core-client,GOOD,YES,succeeded,https://dev.azure.com/azure-sdk/590cfd2a-581c-4dcb-a12e-6568ce786175/_build/results?buildId=4855881,20250512.3,UNKNOWN,,
core,@azure/core-auth,GOOD,YES,succeeded,https://dev.azure.com/azure-sdk/590cfd2a-581c-4dcb-a12e-6568ce786175/_build/results?buildId=4855881,20250512.3,UNKNOWN,,
core,@azure/core-client,GOOD,YES,succeeded,https://dev.azure.com/azure-sdk/590cfd2a-581c-4dcb-a12e-6568ce786175/_build/results?buildId=4855881,20250512.3,UNKNOWN,,
core,@azure/core-amqp,GOOD,YES,succeeded,https://dev.azure.com/azure-sdk/590cfd2a-581c-4dcb-a12e-6568ce786175/_build/results?buildId=4855881,20250512.3,UNKNOWN,,
core,@azure/abort-controller,GOOD,YES,succeeded,https://dev.azure.com/azure-sdk/590cfd2a-581c-4dcb-a12e-6568ce786175/_build/results?buildId=4855881,20250512.3,UNKNOWN,,
containerregistry,@azure/container-registry,GOOD,YES,succeeded,https://dev.azure.com/azure-sdk/590cfd2a-581c-4dcb-a12e-6568ce786175/_build/results?buildId=4851195,20250509.2,failed,https://dev.azure.com/azure-sdk/590cfd2a-581c-4dcb-a12e-6568ce786175/_build/results?buildId=4855021,20250512.1
confidentialledger,@azure-rest/confidential-ledger,GOOD,NO,succeeded,https://dev.azure.com/azure-sdk/590cfd2a-581c-4dcb-a12e-6568ce786175/_build/results?buildId=4854924,20250512.1,UNKNOWN,,
communication,@azure/communication-sms,GOOD,NO,succeeded,https://dev.azure.com/azure-sdk/590cfd2a-581c-4dcb-a12e-6568ce786175/_build/results?buildId=4855156,20250512.1,succeeded,https://dev.azure.com/azure-sdk/590cfd2a-581c-4dcb-a12e-6568ce786175/_build/results?buildId=4855717,20250512.1
communication,@azure/communication-rooms,GOOD,NO,succeeded,https://dev.azure.com/azure-sdk/590cfd2a-581c-4dcb-a12e-6568ce786175/_build/results?buildId=4855156,20250512.1,succeeded,https://dev.azure.com/azure-sdk/590cfd2a-581c-4dcb-a12e-6568ce786175/_build/results?buildId=4850345,20250509.5
communication,@azure/communication-phone-numbers,GOOD,NO,succeeded,https://dev.azure.com/azure-sdk/590cfd2a-581c-4dcb-a12e-6568ce786175/_build/results?buildId=4855156,20250512.1,failed,https://dev.azure.com/azure-sdk/590cfd2a-581c-4dcb-a12e-6568ce786175/_build/results?buildId=4855440,20250512.1
communication,@azure-rest/communication-messages,GOOD,NO,succeeded,https://dev.azure.com/azure-sdk/590cfd2a-581c-4dcb-a12e-6568ce786175/_build/results?buildId=4855156,20250512.1,failed,https://dev.azure.com/azure-sdk/590cfd2a-581c-4dcb-a12e-6568ce786175/_build/results?buildId=4854937,20250512.1
communication,@azure-rest/communication-job-router,GOOD,NO,succeeded,https://dev.azure.com/azure-sdk/590cfd2a-581c-4dcb-a12e-6568ce786175/_build/results?buildId=4855156,20250512.1,UNKNOWN,,
communication,@azure/communication-identity,GOOD,NO,succeeded,https://dev.azure.com/azure-sdk/590cfd2a-581c-4dcb-a12e-6568ce786175/_build/results?buildId=4855156,20250512.1,succeeded,https://dev.azure.com/azure-sdk/590cfd2a-581c-4dcb-a12e-6568ce786175/_build/results?buildId=4854114,20250512.1
communication,@azure/communication-email,GOOD,NO,succeeded,https://dev.azure.com/azure-sdk/590cfd2a-581c-4dcb-a12e-6568ce786175/_build/results?buildId=4855156,20250512.1,succeeded,https://dev.azure.com/azure-sdk/590cfd2a-581c-4dcb-a12e-6568ce786175/_build/results?buildId=4851352,20250509.1
communication,@azure/communication-common,GOOD,NO,succeeded,https://dev.azure.com/azure-sdk/590cfd2a-581c-4dcb-a12e-6568ce786175/_build/results?buildId=4855156,20250512.1,succeeded,https://dev.azure.com/azure-sdk/590cfd2a-581c-4dcb-a12e-6568ce786175/_build/results?buildId=4855339,20250512.1
communication,@azure/communication-chat,GOOD,NO,succeeded,https://dev.azure.com/azure-sdk/590cfd2a-581c-4dcb-a12e-6568ce786175/_build/results?buildId=4855156,20250512.1,failed,https://dev.azure.com/azure-sdk/590cfd2a-581c-4dcb-a12e-6568ce786175/_build/results?buildId=4855986,20250512.1
communication,@azure/communication-call-automation,GOOD,NO,succeeded,https://dev.azure.com/azure-sdk/590cfd2a-581c-4dcb-a12e-6568ce786175/_build/results?buildId=4855156,20250512.1,failed,https://dev.azure.com/azure-sdk/590cfd2a-581c-4dcb-a12e-6568ce786175/_build/results?buildId=4850998,20250509.1
cognitivelanguage,@azure/ai-language-text,GOOD,NO,succeeded,https://dev.azure.com/azure-sdk/590cfd2a-581c-4dcb-a12e-6568ce786175/_build/results?buildId=4851632,20250509.2,failed,https://dev.azure.com/azure-sdk/590cfd2a-581c-4dcb-a12e-6568ce786175/_build/results?buildId=4851642,20250509.1
cognitivelanguage,@azure/ai-language-conversations,GOOD,NO,succeeded,https://dev.azure.com/azure-sdk/590cfd2a-581c-4dcb-a12e-6568ce786175/_build/results?buildId=4851632,20250509.2,succeeded,https://dev.azure.com/azure-sdk/590cfd2a-581c-4dcb-a12e-6568ce786175/_build/results?buildId=4854669,20250512.1
batch,@azure-rest/batch,GOOD,NO,succeeded,https://dev.azure.com/azure-sdk/590cfd2a-581c-4dcb-a12e-6568ce786175/_build/results?buildId=4851189,20250509.2,UNKNOWN,,
batch,@azure/batch,GOOD,NO,succeeded,https://dev.azure.com/azure-sdk/590cfd2a-581c-4dcb-a12e-6568ce786175/_build/results?buildId=4851189,20250509.2,UNKNOWN,,
attestation,@azure/attestation,GOOD,NO,succeeded,https://dev.azure.com/azure-sdk/590cfd2a-581c-4dcb-a12e-6568ce786175/_build/results?buildId=4854397,20250512.1,succeeded,https://dev.azure.com/azure-sdk/590cfd2a-581c-4dcb-a12e-6568ce786175/_build/results?buildId=4854501,20250512.1
appconfiguration,@azure/app-configuration,GOOD,YES,succeeded,https://dev.azure.com/azure-sdk/590cfd2a-581c-4dcb-a12e-6568ce786175/_build/results?buildId=4851192,20250509.2,succeeded,https://dev.azure.com/azure-sdk/590cfd2a-581c-4dcb-a12e-6568ce786175/_build/results?buildId=4851237,20250509.1
apimanagement,@azure/api-management-custom-widgets-tools,GOOD,NO,succeeded,https://dev.azure.com/azure-sdk/590cfd2a-581c-4dcb-a12e-6568ce786175/_build/results?buildId=4851845,20250509.2,UNKNOWN,,
apimanagement,@azure/api-management-custom-widgets-scaffolder,GOOD,NO,succeeded,https://dev.azure.com/azure-sdk/590cfd2a-581c-4dcb-a12e-6568ce786175/_build/results?buildId=4851845,20250509.2,UNKNOWN,,
anomalydetector,@azure-rest/ai-anomaly-detector,GOOD,NO,succeeded,https://dev.azure.com/azure-sdk/590cfd2a-581c-4dcb-a12e-6568ce786175/_build/results?buildId=4855536,20250512.2,UNKNOWN,,
ai,@azure-rest/ai-inference,GOOD,NO,succeeded,https://dev.azure.com/azure-sdk/590cfd2a-581c-4dcb-a12e-6568ce786175/_build/results?buildId=4855714,20250512.1,UNKNOWN,,
ai,@azure/ai-projects,GOOD,NO,succeeded,https://dev.azure.com/azure-sdk/590cfd2a-581c-4dcb-a12e-6568ce786175/_build/results?buildId=4855714,20250512.1,UNKNOWN,,
agrifood,@azure-rest/agrifood-farming,GOOD,NO,succeeded,https://dev.azure.com/azure-sdk/590cfd2a-581c-4dcb-a12e-6568ce786175/_build/results?buildId=4855288,20250512.1,UNKNOWN,,
