Package Name,Package Path,Package Version,CHANGELOG Path,Latest NPM Stable,Latest NPM Beta,Match Type
@azure/arm-authorization,sdk/authorization/arm-authorization,10.0.0-beta.2,sdk/authorization/arm-authorization/CHANGELOG.md,9.0.0,10.0.0-beta.2,LATEST_BETA
@azure/arm-authorization-profile-2020-09-01-hybrid,sdk/authorization/arm-authorization-profile-2020-09-01-hybrid,2.1.1,sdk/authorization/arm-authorization-profile-2020-09-01-hybrid/CHANGELOG.md,2.1.1,,LATEST_STABLE
@azure/arm-healthcareapis,sdk/healthcareapis/arm-healthcareapis,3.1.1,sdk/healthcareapis/arm-healthcareapis/CHANGELOG.md,3.1.1,,LATEST_STABLE
@azure/arm-timeseriesinsights,sdk/timeseriesinsights/arm-timeseriesinsights,2.1.0-beta.3,sdk/timeseriesinsights/arm-timeseriesinsights/CHANGELOG.md,2.0.0,2.1.0-beta.3,LATEST_BETA
@azure/arm-devspaces,sdk/devspaces/arm-devspaces,2.1.1,sdk/devspaces/arm-devspaces/CHANGELOG.md,2.1.1,,LATEST_STABLE
@azure/arm-machinelearningexperimentation,sdk/machinelearningexperimentation/arm-machinelearningexperimentation,2.0.0-beta.5,sdk/machinelearningexperimentation/arm-machinelearningexperimentation/CHANGELOG.md,1.2.1,2.0.0-beta.5,LATEST_BETA
@azure/arm-datacatalog,sdk/datacatalog/arm-datacatalog,4.1.1,sdk/datacatalog/arm-datacatalog/CHANGELOG.md,4.1.1,,LATEST_STABLE
@azure/arm-scvmm,sdk/scvmm/arm-scvmm,1.0.1,sdk/scvmm/arm-scvmm/CHANGELOG.md,1.0.1,1.0.0-beta.3,LATEST_STABLE
@azure/arm-machinelearningcompute,sdk/machinelearningcompute/arm-machinelearningcompute,3.0.0-beta.4,sdk/machinelearningcompute/arm-machinelearningcompute/CHANGELOG.md,2.1.1,3.0.0-beta.4,LATEST_BETA
@azure/arm-iothub,sdk/iothub/arm-iothub,6.3.1,sdk/iothub/arm-iothub/CHANGELOG.md,6.3.1,6.3.0-beta.3,LATEST_STABLE
@azure/arm-iothub-profile-2020-09-01-hybrid,sdk/iothub/arm-iothub-profile-2020-09-01-hybrid,2.1.1,sdk/iothub/arm-iothub-profile-2020-09-01-hybrid/CHANGELOG.md,2.1.1,,LATEST_STABLE
@azure/arm-elastic,sdk/elastic/arm-elastic,1.0.1,sdk/elastic/arm-elastic/CHANGELOG.md,1.0.1,1.0.0-beta.3,LATEST_STABLE
@azure-rest/arm-appservice,sdk/appservice/arm-appservice-rest,1.0.0-beta.3,sdk/appservice/arm-appservice-rest/CHANGELOG.md,,1.0.0-beta.3,LATEST_BETA
@azure/arm-appservice-profile-2020-09-01-hybrid,sdk/appservice/arm-appservice-profile-2020-09-01-hybrid,2.1.1,sdk/appservice/arm-appservice-profile-2020-09-01-hybrid/CHANGELOG.md,2.1.1,,LATEST_STABLE
@azure/arm-hybridnetwork,sdk/hybridnetwork/arm-hybridnetwork,1.0.0-beta.2,sdk/hybridnetwork/arm-hybridnetwork/CHANGELOG.md,,1.0.0-beta.2,LATEST_BETA
@azure/arm-marketplaceordering,sdk/marketplaceordering/arm-marketplaceordering,3.1.2,sdk/marketplaceordering/arm-marketplaceordering/CHANGELOG.md,3.1.2,,LATEST_STABLE
@azure/arm-trafficmanager,sdk/trafficmanager/arm-trafficmanager,6.1.1,sdk/trafficmanager/arm-trafficmanager/CHANGELOG.md,6.1.1,6.1.0-beta.1,LATEST_STABLE
@azure/arm-datalake-analytics,sdk/datalake-analytics/arm-datalake-analytics,2.0.0-beta.5,sdk/datalake-analytics/arm-datalake-analytics/CHANGELOG.md,1.1.1,2.0.0-beta.5,LATEST_BETA
@azure/arm-operations,sdk/operationsmanagement/arm-operations,4.0.0-beta.5,sdk/operationsmanagement/arm-operations/CHANGELOG.md,3.0.0,4.0.0-beta.5,LATEST_BETA
@azure/arm-resourcegraph,sdk/resourcegraph/arm-resourcegraph,5.0.0-beta.4,sdk/resourcegraph/arm-resourcegraph/CHANGELOG.md,4.2.1,5.0.0-beta.4,LATEST_BETA
@azure/arm-changes,sdk/changes/arm-changes,1.1.1,sdk/changes/arm-changes/CHANGELOG.md,1.1.1,,LATEST_STABLE
@azure/arm-digitaltwins,sdk/digitaltwins/arm-digitaltwins,3.3.1,sdk/digitaltwins/arm-digitaltwins/CHANGELOG.md,3.3.1,3.1.0-beta.1,LATEST_STABLE
@azure/iot-modelsrepository,sdk/iot/iot-modelsrepository,1.0.0-beta.3,sdk/iot/iot-modelsrepository/CHANGELOG.md,,1.0.0-beta.3,LATEST_BETA
@azure/arm-orbital,sdk/orbital/arm-orbital,2.0.1,sdk/orbital/arm-orbital/CHANGELOG.md,2.0.1,1.0.0-beta.3,LATEST_STABLE
@azure/arm-deviceupdate,sdk/deviceupdate/arm-deviceupdate,1.2.1,sdk/deviceupdate/arm-deviceupdate/CHANGELOG.md,1.2.1,1.0.0-beta.2,LATEST_STABLE
@azure-rest/iot-device-update,sdk/deviceupdate/iot-device-update-rest,1.1.1,sdk/deviceupdate/iot-device-update-rest/CHANGELOG.md,1.1.1,1.0.0-beta.2,LATEST_STABLE
@azure-rest/arm-compute,sdk/compute/arm-compute-rest,1.0.0-beta.3,sdk/compute/arm-compute-rest/CHANGELOG.md,,1.0.0-beta.3,LATEST_BETA
@azure/arm-compute-profile-2020-09-01-hybrid,sdk/compute/arm-compute-profile-2020-09-01-hybrid,2.1.1,sdk/compute/arm-compute-profile-2020-09-01-hybrid/CHANGELOG.md,2.1.1,,LATEST_STABLE
@azure/schema-registry-avro,sdk/schemaregistry/schema-registry-avro,1.1.1,sdk/schemaregistry/schema-registry-avro/CHANGELOG.md,1.1.1,1.0.0-beta.8,LATEST_STABLE
@azure/schema-registry-json,sdk/schemaregistry/schema-registry-json,1.0.1,sdk/schemaregistry/schema-registry-json/CHANGELOG.md,1.0.1,1.0.0-beta.1,LATEST_STABLE
@azure/schema-registry,sdk/schemaregistry/schema-registry,1.4.0-beta.1,sdk/schemaregistry/schema-registry/CHANGELOG.md,1.3.0,1.4.0-beta.1,LATEST_BETA
@azure/arm-changeanalysis,sdk/changeanalysis/arm-changeanalysis,2.1.1,sdk/changeanalysis/arm-changeanalysis/CHANGELOG.md,2.1.1,,LATEST_STABLE
@azure/arm-notificationhubs,sdk/notificationhubs/arm-notificationhubs,3.0.0-beta.2,sdk/notificationhubs/arm-notificationhubs/CHANGELOG.md,2.1.0,3.0.0-beta.2,LATEST_BETA
@azure/notification-hubs,sdk/notificationhubs/notification-hubs,2.0.1,sdk/notificationhubs/notification-hubs/CHANGELOG.md,2.0.1,1.0.0-beta.8,LATEST_STABLE
@azure/arm-consumption,sdk/consumption/arm-consumption,9.2.1,sdk/consumption/arm-consumption/CHANGELOG.md,9.2.1,9.0.0-beta.1,LATEST_STABLE
@azure/app-configuration,sdk/appconfiguration/app-configuration,1.9.1,sdk/appconfiguration/app-configuration/CHANGELOG.md,1.9.1,1.9.0-beta.1,LATEST_STABLE
@azure/arm-peering,sdk/peering/arm-peering,2.1.1,sdk/peering/arm-peering/CHANGELOG.md,2.1.1,,LATEST_STABLE
@azure/arm-newrelicobservability,sdk/newrelicobservability/arm-newrelicobservability,1.1.1,sdk/newrelicobservability/arm-newrelicobservability/CHANGELOG.md,1.1.1,1.0.0-beta.1,LATEST_STABLE
@azure/arm-largeinstance,sdk/largeinstance/arm-largeinstance,1.0.0-beta.2,sdk/largeinstance/arm-largeinstance/CHANGELOG.md,,1.0.0-beta.2,LATEST_BETA
@azure/arm-desktopvirtualization,sdk/desktopvirtualization/arm-desktopvirtualization,1.2.1,sdk/desktopvirtualization/arm-desktopvirtualization/CHANGELOG.md,1.2.1,1.0.0-beta.4,LATEST_STABLE
@azure/arm-fluidrelay,sdk/fluidrelay/arm-fluidrelay,1.0.2,sdk/fluidrelay/arm-fluidrelay/CHANGELOG.md,1.0.2,,LATEST_STABLE
@azure/arm-maintenance,sdk/maintenance/arm-maintenance,1.0.0-beta.3,sdk/maintenance/arm-maintenance/CHANGELOG.md,,1.0.0-beta.3,LATEST_BETA
@azure/arm-resources-subscriptions,sdk/resources-subscriptions/arm-resources-subscriptions,2.1.1,sdk/resources-subscriptions/arm-resources-subscriptions/CHANGELOG.md,2.1.1,2.0.0-beta.1,LATEST_STABLE
@azure/arm-managednetworkfabric,sdk/managednetworkfabric/arm-managednetworkfabric,1.0.1,sdk/managednetworkfabric/arm-managednetworkfabric/CHANGELOG.md,1.0.1,1.0.0-beta.1,LATEST_STABLE
@azure/arm-servicelinker,sdk/servicelinker/arm-servicelinker,2.2.0-beta.2,sdk/servicelinker/arm-servicelinker/CHANGELOG.md,2.1.0,2.2.0-beta.2,LATEST_BETA
@azure/arm-labservices,sdk/labservices/arm-labservices,3.1.1,sdk/labservices/arm-labservices/CHANGELOG.md,3.1.1,3.0.0-beta.3,LATEST_STABLE
@azure/arm-azureadexternalidentities,sdk/azureadexternalidentities/arm-azureadexternalidentities,1.0.4,sdk/azureadexternalidentities/arm-azureadexternalidentities/CHANGELOG.md,1.0.4,,LATEST_STABLE
@azure/arm-education,sdk/education/arm-education,1.0.0-beta.4,sdk/education/arm-education/CHANGELOG.md,,1.0.0-beta.4,LATEST_BETA
@azure/arm-apicenter,sdk/apicenter/arm-apicenter,1.0.1,sdk/apicenter/arm-apicenter/CHANGELOG.md,1.0.1,1.0.0-beta.1,LATEST_STABLE
@azure/arm-managementpartner,sdk/managementpartner/arm-managementpartner,3.0.2,sdk/managementpartner/arm-managementpartner/CHANGELOG.md,3.0.2,,LATEST_STABLE
@azure/arm-appcomplianceautomation,sdk/appcomplianceautomation/arm-appcomplianceautomation,1.0.1,sdk/appcomplianceautomation/arm-appcomplianceautomation/CHANGELOG.md,1.0.1,1.0.0-beta.1,LATEST_STABLE
@azure/arm-containerinstance,sdk/containerinstance/arm-containerinstance,9.2.0-beta.2,sdk/containerinstance/arm-containerinstance/CHANGELOG.md,9.1.0,9.2.0-beta.2,LATEST_BETA
@azure/keyvault-secrets,sdk/keyvault/keyvault-secrets,4.10.1,sdk/keyvault/keyvault-secrets/CHANGELOG.md,4.10.1,4.10.0-beta.1,LATEST_STABLE
@azure/keyvault-certificates,sdk/keyvault/keyvault-certificates,4.10.1,sdk/keyvault/keyvault-certificates/CHANGELOG.md,4.10.1,4.10.0-beta.1,LATEST_STABLE
@azure/arm-keyvault-profile-2020-09-01-hybrid,sdk/keyvault/arm-keyvault-profile-2020-09-01-hybrid,2.1.1,sdk/keyvault/arm-keyvault-profile-2020-09-01-hybrid/CHANGELOG.md,2.1.1,,LATEST_STABLE
@azure/keyvault-common,sdk/keyvault/keyvault-common,2.0.1,sdk/keyvault/keyvault-common/CHANGELOG.md,2.0.1,1.0.0-beta.1,LATEST_STABLE
@azure/keyvault-keys,sdk/keyvault/keyvault-keys,4.10.1,sdk/keyvault/keyvault-keys/CHANGELOG.md,4.10.1,4.10.0-beta.1,LATEST_STABLE
@azure/keyvault-admin,sdk/keyvault/keyvault-admin,4.7.1,sdk/keyvault/keyvault-admin/CHANGELOG.md,4.7.1,4.7.0-beta.1,LATEST_STABLE
@azure/arm-logic,sdk/logic/arm-logic,8.2.1,sdk/logic/arm-logic/CHANGELOG.md,8.2.1,8.0.0-beta.1,LATEST_STABLE
@azure/arm-relay,sdk/relay/arm-relay,3.1.2,sdk/relay/arm-relay/CHANGELOG.md,3.1.2,,LATEST_STABLE
@azure/arm-hanaonazure,sdk/hanaonazure/arm-hanaonazure,4.0.0-beta.4,sdk/hanaonazure/arm-hanaonazure/CHANGELOG.md,3.1.1,4.0.0-beta.4,LATEST_BETA
@azure/arm-customerinsights,sdk/customer-insights/arm-customerinsights,4.1.1,sdk/customer-insights/arm-customerinsights/CHANGELOG.md,4.1.1,,LATEST_STABLE
@azure/arm-workloads,sdk/workloads/arm-workloads,1.0.1,sdk/workloads/arm-workloads/CHANGELOG.md,1.0.1,1.0.0-beta.3,LATEST_STABLE
@azure/arm-devhub,sdk/devhub/arm-devhub,1.0.0-beta.4,sdk/devhub/arm-devhub/CHANGELOG.md,,1.0.0-beta.4,LATEST_BETA
@azure/arm-quantum,sdk/quantum/arm-quantum,1.0.0-beta.3,sdk/quantum/arm-quantum/CHANGELOG.md,,1.0.0-beta.3,LATEST_BETA
@azure/quantum-jobs,sdk/quantum/quantum-jobs,1.0.0-beta.2,sdk/quantum/quantum-jobs/CHANGELOG.md,,1.0.0-beta.2,LATEST_BETA
@azure-rest/ai-anomaly-detector,sdk/anomalydetector/ai-anomaly-detector-rest,1.0.0-beta.2,sdk/anomalydetector/ai-anomaly-detector-rest/CHANGELOG.md,,1.0.0-beta.2,LATEST_BETA
@azure/ai-language-conversations,sdk/cognitivelanguage/ai-language-conversations,1.0.0-beta.2,sdk/cognitivelanguage/ai-language-conversations/CHANGELOG.md,,1.0.0-beta.2,LATEST_BETA
@azure/arm-rediscache,sdk/redis/arm-rediscache,8.2.1,sdk/redis/arm-rediscache/CHANGELOG.md,8.2.1,6.0.0-beta.1,LATEST_STABLE
@azure/ai-text-analytics,sdk/textanalytics/ai-text-analytics,5.1.1,sdk/textanalytics/ai-text-analytics/CHANGELOG.md,5.1.1,6.0.0-beta.1,LATEST_STABLE
@azure-rest/ai-translation-text,sdk/translation/ai-translation-text-rest,1.0.2,sdk/translation/ai-translation-text-rest/CHANGELOG.md,1.0.2,1.0.0-beta.1,LATEST_STABLE
@azure/arm-kubernetesconfiguration,sdk/kubernetesconfiguration/arm-kubernetesconfiguration,6.1.1,sdk/kubernetesconfiguration/arm-kubernetesconfiguration/CHANGELOG.md,6.1.1,5.0.0-beta.1,LATEST_STABLE
@azure/arm-databoundaries,sdk/databoundaries/arm-databoundaries,1.0.0-beta.2,sdk/databoundaries/arm-databoundaries/CHANGELOG.md,,1.0.0-beta.2,LATEST_BETA
@azure-rest/arm-servicefabric,sdk/servicefabric/arm-servicefabric-rest,1.0.0-beta.3,sdk/servicefabric/arm-servicefabric-rest/CHANGELOG.md,,1.0.0-beta.3,LATEST_BETA
@azure/arm-servicefabric,sdk/servicefabric/arm-servicefabric,3.0.1,sdk/servicefabric/arm-servicefabric/CHANGELOG.md,3.0.1,2.0.0-beta.1,LATEST_STABLE
@azure/synapse-monitoring,sdk/synapse/synapse-monitoring,1.0.0-beta.4,sdk/synapse/synapse-monitoring/CHANGELOG.md,,1.0.0-beta.4,LATEST_BETA
@azure/synapse-access-control,sdk/synapse/synapse-access-control,1.0.0-beta.5,sdk/synapse/synapse-access-control/CHANGELOG.md,,1.0.0-beta.5,LATEST_BETA
@azure/synapse-spark,sdk/synapse/synapse-spark,1.0.0-beta.6,sdk/synapse/synapse-spark/CHANGELOG.md,,1.0.0-beta.6,LATEST_BETA
@azure/synapse-managed-private-endpoints,sdk/synapse/synapse-managed-private-endpoints,1.0.0-beta.6,sdk/synapse/synapse-managed-private-endpoints/CHANGELOG.md,,1.0.0-beta.6,LATEST_BETA
@azure/arm-synapse,sdk/synapse/arm-synapse,9.0.0-beta.2,sdk/synapse/arm-synapse/CHANGELOG.md,8.0.0,9.0.0-beta.2,LATEST_BETA
@azure/arm-oep,sdk/oep/arm-oep,1.0.0-beta.4,sdk/oep/arm-oep/CHANGELOG.md,,1.0.0-beta.4,LATEST_BETA
@azure/arm-guestconfiguration,sdk/guestconfiguration/arm-guestconfiguration,1.0.0-beta.2,sdk/guestconfiguration/arm-guestconfiguration/CHANGELOG.md,,1.0.0-beta.2,LATEST_BETA
@azure/arm-policy-profile-2020-09-01-hybrid,sdk/policy/arm-policy-profile-2020-09-01-hybrid,2.1.1,sdk/policy/arm-policy-profile-2020-09-01-hybrid/CHANGELOG.md,2.1.1,,LATEST_STABLE
@azure/arm-resourcesdeploymentstacks,sdk/resourcesdeploymentstacks/arm-resourcesdeploymentstacks,1.0.1,sdk/resourcesdeploymentstacks/arm-resourcesdeploymentstacks/CHANGELOG.md,1.0.1,1.0.0-beta.1,LATEST_STABLE
@azure/arm-resourcehealth,sdk/resourcehealth/arm-resourcehealth,4.1.0-beta.2,sdk/resourcehealth/arm-resourcehealth/CHANGELOG.md,4.0.0,4.1.0-beta.2,LATEST_BETA
@azure/arm-managementgroups,sdk/managementgroups/arm-managementgroups,2.0.3,sdk/managementgroups/arm-managementgroups/CHANGELOG.md,2.0.3,2.0.0-beta.1,LATEST_STABLE
@azure/arm-frontdoor,sdk/frontdoor/arm-frontdoor,5.3.1,sdk/frontdoor/arm-frontdoor/CHANGELOG.md,5.3.1,,LATEST_STABLE
@azure/arm-devtestlabs,sdk/devtestlabs/arm-devtestlabs,4.1.1,sdk/devtestlabs/arm-devtestlabs/CHANGELOG.md,4.1.1,4.0.0-beta.1,LATEST_STABLE
@azure/arm-databricks,sdk/databricks/arm-databricks,3.0.1,sdk/databricks/arm-databricks/CHANGELOG.md,3.0.1,3.0.0-beta.4,LATEST_STABLE
@azure/arm-dns-profile-2020-09-01-hybrid,sdk/dns/arm-dns-profile-2020-09-01-hybrid,2.1.1,sdk/dns/arm-dns-profile-2020-09-01-hybrid/CHANGELOG.md,2.1.1,,LATEST_STABLE
@azure/arm-dns,sdk/dns/arm-dns,5.2.0-beta.2,sdk/dns/arm-dns/CHANGELOG.md,5.1.0,5.2.0-beta.2,LATEST_BETA
@azure/arm-kusto,sdk/kusto/arm-kusto,8.2.1,sdk/kusto/arm-kusto/CHANGELOG.md,8.2.1,,LATEST_STABLE
@azure/arm-hybridcontainerservice,sdk/hybridcontainerservice/arm-hybridcontainerservice,1.0.1,sdk/hybridcontainerservice/arm-hybridcontainerservice/CHANGELOG.md,1.0.1,1.0.0-beta.3,LATEST_STABLE
@azure/arm-securityinsight,sdk/securityinsight/arm-securityinsight,1.0.0-beta.7,sdk/securityinsight/arm-securityinsight/CHANGELOG.md,,1.0.0-beta.7,LATEST_BETA
@azure/arm-quota,sdk/quota/arm-quota,1.1.1,sdk/quota/arm-quota/CHANGELOG.md,1.1.1,1.1.0-beta.2,LATEST_STABLE
@azure/arm-deploymentmanager,sdk/deploymentmanager/arm-deploymentmanager,4.0.0-beta.5,sdk/deploymentmanager/arm-deploymentmanager/CHANGELOG.md,3.1.1,4.0.0-beta.5,LATEST_BETA
@azure/arm-hdinsight,sdk/hdinsight/arm-hdinsight,1.3.0-beta.3,sdk/hdinsight/arm-hdinsight/CHANGELOG.md,1.2.1,1.3.0-beta.3,LATEST_BETA
@azure/arm-hdinsightcontainers,sdk/hdinsight/arm-hdinsightcontainers,1.0.0-beta.4,sdk/hdinsight/arm-hdinsightcontainers/CHANGELOG.md,,1.0.0-beta.4,LATEST_BETA
@azure/arm-billingbenefits,sdk/billingbenefits/arm-billingbenefits,1.0.1,sdk/billingbenefits/arm-billingbenefits/CHANGELOG.md,1.0.1,,LATEST_STABLE
@azure/storage-file-datalake,sdk/storage/storage-file-datalake,12.28.0,sdk/storage/storage-file-datalake/CHANGELOG.md,12.28.0,12.28.0-beta.1,LATEST_STABLE
@azure/storage-queue,sdk/storage/storage-queue,12.28.0,sdk/storage/storage-queue/CHANGELOG.md,12.28.0,12.28.0-beta.1,LATEST_STABLE
@azure/storage-common,sdk/storage/storage-common,12.1.0,sdk/storage/storage-common/CHANGELOG.md,12.1.0,12.1.0-beta.1,LATEST_STABLE
@azure/storage-blob-changefeed,sdk/storage/storage-blob-changefeed,12.0.0-preview.5,sdk/storage/storage-blob-changefeed/CHANGELOG.md,12.0.0-dev.20200810.1,,PUBLISHED_VERSION
@azure/storage-file-share,sdk/storage/storage-file-share,12.29.0,sdk/storage/storage-file-share/CHANGELOG.md,12.29.0,12.29.0-beta.1,LATEST_STABLE
@azure/storage-blob,sdk/storage/storage-blob,12.29.0,sdk/storage/storage-blob/CHANGELOG.md,12.29.0,12.29.0-beta.1,LATEST_STABLE
@azure/arm-storage-profile-2020-09-01-hybrid,sdk/storage/arm-storage-profile-2020-09-01-hybrid,2.1.1,sdk/storage/arm-storage-profile-2020-09-01-hybrid/CHANGELOG.md,2.1.1,,LATEST_STABLE
@azure/functions-authentication-events,sdk/entra/functions-authentication-events,1.0.0-beta.3,sdk/entra/functions-authentication-events/CHANGELOG.md,,1.0.0-beta.3,LATEST_BETA
@azure/arm-migrate,sdk/migrate/arm-migrate,2.0.4,sdk/migrate/arm-migrate/CHANGELOG.md,2.0.4,,LATEST_STABLE
@azure/eventgrid-systemevents,sdk/eventgrid/eventgrid-systemevents,1.0.2,sdk/eventgrid/eventgrid-systemevents/CHANGELOG.md,1.0.2,1.0.0-beta.7,LATEST_STABLE
@azure/eventgrid,sdk/eventgrid/eventgrid,5.12.1,sdk/eventgrid/eventgrid/CHANGELOG.md,5.12.1,5.1.0-beta.1,LATEST_STABLE
@azure/eventgrid-namespaces,sdk/eventgrid/eventgrid-namespaces,1.0.1,sdk/eventgrid/eventgrid-namespaces/CHANGELOG.md,1.0.1,1.0.0-beta.2,LATEST_STABLE
@azure/arm-storsimple8000series,sdk/storsimple8000series/arm-storsimple8000series,2.1.1,sdk/storsimple8000series/arm-storsimple8000series/CHANGELOG.md,2.1.1,,LATEST_STABLE
@azure/api-management-custom-widgets-tools,sdk/apimanagement/api-management-custom-widgets-tools,1.0.0-beta.3,sdk/apimanagement/api-management-custom-widgets-tools/CHANGELOG.md,,1.0.0-beta.3,LATEST_BETA
@azure/api-management-custom-widgets-scaffolder,sdk/apimanagement/api-management-custom-widgets-scaffolder,1.0.0-beta.5,sdk/apimanagement/api-management-custom-widgets-scaffolder/CHANGELOG.md,,1.0.0-beta.5,LATEST_BETA
@azure/arm-springappdiscovery,sdk/springappdiscovery/arm-springappdiscovery,1.0.0-beta.2,sdk/springappdiscovery/arm-springappdiscovery/CHANGELOG.md,,1.0.0-beta.2,LATEST_BETA
@azure/arm-billing,sdk/billing/arm-billing,5.0.1,sdk/billing/arm-billing/CHANGELOG.md,5.0.1,,LATEST_STABLE
@azure/arm-postgresql,sdk/postgresql/arm-postgresql,6.1.1,sdk/postgresql/arm-postgresql/CHANGELOG.md,6.1.1,6.0.0-beta.1,LATEST_STABLE
@azure/arm-communication,sdk/communication/arm-communication,4.1.1,sdk/communication/arm-communication/CHANGELOG.md,4.1.1,4.1.0-beta.2,LATEST_STABLE
@azure/communication-rooms,sdk/communication/communication-rooms,1.2.1,sdk/communication/communication-rooms/CHANGELOG.md,1.2.1,1.1.0-beta.1,LATEST_STABLE
@azure-rest/communication-job-router,sdk/communication/communication-job-router-rest,1.1.0-beta.3,sdk/communication/communication-job-router-rest/CHANGELOG.md,1.0.0,1.1.0-beta.3,LATEST_BETA
@azure/communication-common,sdk/communication/communication-common,2.4.1,sdk/communication/communication-common/CHANGELOG.md,2.4.1,2.3.2-beta.1,LATEST_STABLE
@azure/arm-extendedlocation,sdk/extendedlocation/arm-extendedlocation,1.0.0-beta.4,sdk/extendedlocation/arm-extendedlocation/CHANGELOG.md,,1.0.0-beta.4,LATEST_BETA
@azure/arm-domainservices,sdk/domainservices/arm-domainservices,4.1.1,sdk/domainservices/arm-domainservices/CHANGELOG.md,4.1.1,,LATEST_STABLE
@azure/arm-mariadb,sdk/mariadb/arm-mariadb,2.1.1,sdk/mariadb/arm-mariadb/CHANGELOG.md,2.1.1,,LATEST_STABLE
@azure/arm-graphservices,sdk/graphservices/arm-graphservices,1.0.1,sdk/graphservices/arm-graphservices/CHANGELOG.md,1.0.1,1.0.0-beta.1,LATEST_STABLE
@azure/arm-baremetalinfrastructure,sdk/baremetalinfrastructure/arm-baremetalinfrastructure,1.0.0-beta.3,sdk/baremetalinfrastructure/arm-baremetalinfrastructure/CHANGELOG.md,,1.0.0-beta.3,LATEST_BETA
@azure/arm-network-profile-2020-09-01-hybrid,sdk/network/arm-network-profile-2020-09-01-hybrid,2.1.1,sdk/network/arm-network-profile-2020-09-01-hybrid/CHANGELOG.md,2.1.1,,LATEST_STABLE
@azure-rest/arm-network,sdk/network/arm-network-rest,1.0.0-beta.3,sdk/network/arm-network-rest/CHANGELOG.md,,1.0.0-beta.3,LATEST_BETA
@azure/arm-storsimple1200series,sdk/storsimple1200series/arm-storsimple1200series,2.1.1,sdk/storsimple1200series/arm-storsimple1200series/CHANGELOG.md,2.1.1,,LATEST_STABLE
@azure/arm-botservice,sdk/botservice/arm-botservice,4.0.1,sdk/botservice/arm-botservice/CHANGELOG.md,4.0.1,4.0.0-beta.5,LATEST_STABLE
@azure/arm-agrifood,sdk/agrifood/arm-agrifood,1.0.0-beta.6,sdk/agrifood/arm-agrifood/CHANGELOG.md,,1.0.0-beta.6,LATEST_BETA
@azure-rest/agrifood-farming,sdk/agrifood/agrifood-farming-rest,1.0.0-beta.4,sdk/agrifood/agrifood-farming-rest/CHANGELOG.md,,1.0.0-beta.4,LATEST_BETA
@azure/arm-portal,sdk/portal/arm-portal,1.0.0-beta.6,sdk/portal/arm-portal/CHANGELOG.md,,1.0.0-beta.6,LATEST_BETA
@azure/arm-vmwarecloudsimple,sdk/vmwarecloudsimple/arm-vmwarecloudsimple,3.1.1,sdk/vmwarecloudsimple/arm-vmwarecloudsimple/CHANGELOG.md,3.1.1,,LATEST_STABLE
@azure/arm-servicefabricmesh,sdk/servicefabricmesh/arm-servicefabricmesh,3.0.0-beta.5,sdk/servicefabricmesh/arm-servicefabricmesh/CHANGELOG.md,2.2.1,3.0.0-beta.5,LATEST_BETA
@azure/arm-support,sdk/support/arm-support,3.0.1,sdk/support/arm-support/CHANGELOG.md,3.0.1,2.2.0-beta.2,LATEST_STABLE
@azure/arm-azurestack,sdk/azurestack/arm-azurestack,3.0.0-beta.6,sdk/azurestack/arm-azurestack/CHANGELOG.md,2.1.1,3.0.0-beta.6,LATEST_BETA
@azure/arm-mobilenetwork,sdk/mobilenetwork/arm-mobilenetwork,6.0.1,sdk/mobilenetwork/arm-mobilenetwork/CHANGELOG.md,6.0.1,1.0.0-beta.3,LATEST_STABLE
@azure/arm-storageimportexport,sdk/storageimportexport/arm-storageimportexport,2.1.1,sdk/storageimportexport/arm-storageimportexport/CHANGELOG.md,2.1.1,,LATEST_STABLE
@azure/arm-sqlvirtualmachine,sdk/sqlvirtualmachine/arm-sqlvirtualmachine,5.0.0-beta.9,sdk/sqlvirtualmachine/arm-sqlvirtualmachine/CHANGELOG.md,4.1.1,5.0.0-beta.9,LATEST_BETA
@azure/arm-voiceservices,sdk/voiceservices/arm-voiceservices,1.0.1,sdk/voiceservices/arm-voiceservices/CHANGELOG.md,1.0.1,1.0.0-beta.1,LATEST_STABLE
@azure-rest/developer-devcenter,sdk/devcenter/developer-devcenter-rest,1.0.2,sdk/devcenter/developer-devcenter-rest/CHANGELOG.md,1.0.2,1.0.0-beta.3,LATEST_STABLE
@azure/arm-devcenter,sdk/devcenter/arm-devcenter,1.1.1,sdk/devcenter/arm-devcenter/CHANGELOG.md,1.1.1,1.1.0-beta.1,LATEST_STABLE
@azure/arm-streamanalytics,sdk/streamanalytics/arm-streamanalytics,5.0.0-beta.2,sdk/streamanalytics/arm-streamanalytics/CHANGELOG.md,4.1.0,5.0.0-beta.2,LATEST_BETA
@azure/arm-containerorchestratorruntime,sdk/kubernetesruntime/arm-containerorchestratorruntime,1.0.0-beta.2,sdk/kubernetesruntime/arm-containerorchestratorruntime/CHANGELOG.md,,1.0.0-beta.2,LATEST_BETA
@azure-rest/ai-content-safety,sdk/contentsafety/ai-content-safety-rest,1.0.2,sdk/contentsafety/ai-content-safety-rest/CHANGELOG.md,1.0.2,1.0.0-beta.1,LATEST_STABLE
@azure/arm-fabric,sdk/fabric/arm-fabric,1.0.1,sdk/fabric/arm-fabric/CHANGELOG.md,1.0.1,1.0.0-beta.1,LATEST_STABLE
@azure/arm-reservations,sdk/reservations/arm-reservations,9.0.1,sdk/reservations/arm-reservations/CHANGELOG.md,9.0.1,,LATEST_STABLE
@azure/identity-cache-persistence,sdk/identity/identity-cache-persistence,1.2.1,sdk/identity/identity-cache-persistence/CHANGELOG.md,1.2.1,1.0.0-beta.2,LATEST_STABLE
@azure/arm-security,sdk/security/arm-security,6.0.0-beta.6,sdk/security/arm-security/CHANGELOG.md,5.0.0,6.0.0-beta.6,LATEST_BETA
@azure/arm-selfhelp,sdk/selfhelp/arm-selfhelp,2.0.0-beta.6,sdk/selfhelp/arm-selfhelp/CHANGELOG.md,1.0.0,2.0.0-beta.6,LATEST_BETA
@azure/arm-imagebuilder,sdk/imagebuilder/arm-imagebuilder,4.1.1,sdk/imagebuilder/arm-imagebuilder/CHANGELOG.md,4.1.1,,LATEST_STABLE
@azure/attestation,sdk/attestation/attestation,1.0.1,sdk/attestation/attestation/CHANGELOG.md,1.0.1,1.0.0-beta.4,LATEST_STABLE
@azure/arm-attestation,sdk/attestation/arm-attestation,2.1.1,sdk/attestation/arm-attestation/CHANGELOG.md,2.1.1,,LATEST_STABLE
@azure/arm-iotcentral,sdk/iotcentral/arm-iotcentral,7.0.0-beta.3,sdk/iotcentral/arm-iotcentral/CHANGELOG.md,6.0.0,7.0.0-beta.3,LATEST_BETA
@azure/arm-visualstudio,sdk/visualstudio/arm-visualstudio,4.0.0-beta.3,sdk/visualstudio/arm-visualstudio/CHANGELOG.md,3.0.0,4.0.0-beta.3,LATEST_BETA
@azure/arm-paloaltonetworksngfw,sdk/paloaltonetworksngfw/arm-paloaltonetworksngfw,1.1.1,sdk/paloaltonetworksngfw/arm-paloaltonetworksngfw/CHANGELOG.md,1.1.1,1.0.0-beta.1,LATEST_STABLE
@azure/arm-deviceprovisioningservices,sdk/deviceprovisioningservices/arm-deviceprovisioningservices,6.0.0-beta.2,sdk/deviceprovisioningservices/arm-deviceprovisioningservices/CHANGELOG.md,5.1.0,6.0.0-beta.2,LATEST_BETA
@azure/arm-serialconsole,sdk/serialconsole/arm-serialconsole,2.1.1,sdk/serialconsole/arm-serialconsole/CHANGELOG.md,2.1.1,,LATEST_STABLE
@azure/arm-resources-profile-2020-09-01-hybrid,sdk/resources/arm-resources-profile-2020-09-01-hybrid,2.1.1,sdk/resources/arm-resources-profile-2020-09-01-hybrid/CHANGELOG.md,2.1.1,,LATEST_STABLE
@azure-rest/defender-easm,sdk/easm/defender-easm-rest,1.0.0-beta.3,sdk/easm/defender-easm-rest/CHANGELOG.md,,1.0.0-beta.3,LATEST_BETA
@azure/arm-networkfunction,sdk/networkfunction/arm-networkfunction,2.0.1,sdk/networkfunction/arm-networkfunction/CHANGELOG.md,2.0.1,,LATEST_STABLE
@azure/arm-monitor,sdk/monitor/arm-monitor,8.0.0-beta.6,sdk/monitor/arm-monitor/CHANGELOG.md,7.0.0,8.0.0-beta.6,LATEST_BETA
@azure/arm-monitor-profile-2020-09-01-hybrid,sdk/monitor/arm-monitor-profile-2020-09-01-hybrid,2.1.1,sdk/monitor/arm-monitor-profile-2020-09-01-hybrid/CHANGELOG.md,2.1.1,,LATEST_STABLE
@azure/arm-features,sdk/features/arm-features,3.1.1,sdk/features/arm-features/CHANGELOG.md,3.1.1,3.0.0-beta.1,LATEST_STABLE
@azure/arm-astro,sdk/astro/arm-astro,1.0.0-beta.2,sdk/astro/arm-astro/CHANGELOG.md,,1.0.0-beta.2,LATEST_BETA
@azure/arm-privatedns,sdk/privatedns/arm-privatedns,3.3.1,sdk/privatedns/arm-privatedns/CHANGELOG.md,3.3.1,,LATEST_STABLE
@azure/arm-healthbot,sdk/healthbot/arm-healthbot,2.1.1,sdk/healthbot/arm-healthbot/CHANGELOG.md,2.1.1,,LATEST_STABLE
@azure/arm-azurestackhci,sdk/azurestackhci/arm-azurestackhci,4.0.0-beta.3,sdk/azurestackhci/arm-azurestackhci/CHANGELOG.md,3.1.0,4.0.0-beta.3,LATEST_BETA
@azure/arm-cosmosdbforpostgresql,sdk/cosmosforpostgresql/arm-cosmosdbforpostgresql,1.1.0-beta.2,sdk/cosmosforpostgresql/arm-cosmosdbforpostgresql/CHANGELOG.md,1.0.0,1.1.0-beta.2,LATEST_BETA
@azure/arm-templatespecs,sdk/templatespecs/arm-templatespecs,2.1.1,sdk/templatespecs/arm-templatespecs/CHANGELOG.md,2.1.1,1.0.0-beta.1,LATEST_STABLE
@azure/arm-webservices,sdk/machinelearning/arm-webservices,1.1.1,sdk/machinelearning/arm-webservices/CHANGELOG.md,1.1.1,,LATEST_STABLE
@azure/arm-workspaces,sdk/machinelearning/arm-workspaces,1.1.1,sdk/machinelearning/arm-workspaces/CHANGELOG.md,1.1.1,,LATEST_STABLE
@azure/arm-subscriptions,sdk/subscription/arm-subscriptions,5.1.1,sdk/subscription/arm-subscriptions/CHANGELOG.md,5.1.1,,LATEST_STABLE
@azure/arm-subscriptions-profile-2020-09-01-hybrid,sdk/subscription/arm-subscriptions-profile-2020-09-01-hybrid,2.1.1,sdk/subscription/arm-subscriptions-profile-2020-09-01-hybrid/CHANGELOG.md,2.1.1,,LATEST_STABLE
@azure/arm-storagesync,sdk/storagesync/arm-storagesync,9.1.1,sdk/storagesync/arm-storagesync/CHANGELOG.md,9.1.1,,LATEST_STABLE
@azure/arm-loadtesting,sdk/loadtesting/arm-loadtesting,1.0.1,sdk/loadtesting/arm-loadtesting/CHANGELOG.md,1.0.1,1.0.0-beta.2,LATEST_STABLE
@azure/arm-storagecache,sdk/storagecache/arm-storagecache,8.0.1,sdk/storagecache/arm-storagecache/CHANGELOG.md,8.0.1,7.1.0-beta.1,LATEST_STABLE
@azure/arm-powerbidedicated,sdk/powerbidedicated/arm-powerbidedicated,4.0.2,sdk/powerbidedicated/arm-powerbidedicated/CHANGELOG.md,4.0.2,,LATEST_STABLE
@azure/arm-sphere,sdk/sphere/arm-sphere,1.0.1,sdk/sphere/arm-sphere/CHANGELOG.md,1.0.1,1.0.0-beta.1,LATEST_STABLE
@azure/arm-qumulo,sdk/liftrqumulo/arm-qumulo,2.0.1,sdk/liftrqumulo/arm-qumulo/CHANGELOG.md,2.0.1,,LATEST_STABLE
@azure/arm-eventhub-profile-2020-09-01-hybrid,sdk/eventhub/arm-eventhub-profile-2020-09-01-hybrid,2.1.1,sdk/eventhub/arm-eventhub-profile-2020-09-01-hybrid/CHANGELOG.md,2.1.1,,LATEST_STABLE
@azure/eventhubs-checkpointstore-table,sdk/eventhub/eventhubs-checkpointstore-table,1.0.0-beta.1,sdk/eventhub/eventhubs-checkpointstore-table/CHANGELOG.md,,1.0.0-beta.1,LATEST_BETA
@azure/eventhubs-checkpointstore-blob,sdk/eventhub/eventhubs-checkpointstore-blob,2.0.1,sdk/eventhub/eventhubs-checkpointstore-blob/CHANGELOG.md,2.0.1,2.0.0-beta.1,LATEST_STABLE
@azure/event-hubs,sdk/eventhub/event-hubs,6.0.1,sdk/eventhub/event-hubs/CHANGELOG.md,6.0.1,6.0.0-beta.1,LATEST_STABLE
@azure-rest/purview-administration,sdk/purview/purview-administration-rest,1.0.0-beta.3,sdk/purview/purview-administration-rest/CHANGELOG.md,,1.0.0-beta.3,LATEST_BETA
@azure-rest/purview-sharing,sdk/purview/purview-sharing-rest,1.0.0-beta.4,sdk/purview/purview-sharing-rest/CHANGELOG.md,,1.0.0-beta.4,LATEST_BETA
@azure-rest/purview-workflow,sdk/purview/purview-workflow-rest,1.0.0-beta.3,sdk/purview/purview-workflow-rest/CHANGELOG.md,,1.0.0-beta.3,LATEST_BETA
@azure-rest/purview-scanning,sdk/purview/purview-scanning-rest,1.0.0-beta.4,sdk/purview/purview-scanning-rest/CHANGELOG.md,,1.0.0-beta.4,LATEST_BETA
@azure/arm-purview,sdk/purview/arm-purview,1.1.1,sdk/purview/arm-purview/CHANGELOG.md,1.1.1,1.0.0-beta.1,LATEST_STABLE
@azure-rest/maps-search,sdk/maps/maps-search-rest,2.0.0-beta.4,sdk/maps/maps-search-rest/CHANGELOG.md,,2.0.0-beta.4,LATEST_BETA
@azure-rest/maps-render,sdk/maps/maps-render-rest,2.0.0-beta.3,sdk/maps/maps-render-rest/CHANGELOG.md,,2.0.0-beta.3,LATEST_BETA
@azure-rest/maps-route,sdk/maps/maps-route-rest,1.0.0-beta.6,sdk/maps/maps-route-rest/CHANGELOG.md,,1.0.0-beta.6,LATEST_BETA
@azure/arm-maps,sdk/maps/arm-maps,3.1.1,sdk/maps/arm-maps/CHANGELOG.md,3.1.1,3.1.0-beta.2,LATEST_STABLE
@azure-rest/maps-geolocation,sdk/maps/maps-geolocation-rest,1.0.0-beta.6,sdk/maps/maps-geolocation-rest/CHANGELOG.md,,1.0.0-beta.6,LATEST_BETA
@azure-rest/maps-timezone,sdk/maps/maps-timezone-rest,1.0.0-beta.2,sdk/maps/maps-timezone-rest/CHANGELOG.md,,1.0.0-beta.2,LATEST_BETA
@azure/maps-common,sdk/maps/maps-common,1.0.0-beta.3,sdk/maps/maps-common/CHANGELOG.md,,1.0.0-beta.3,LATEST_BETA
@azure/arm-locks-profile-2020-09-01-hybrid,sdk/locks/arm-locks-profile-2020-09-01-hybrid,2.1.1,sdk/locks/arm-locks-profile-2020-09-01-hybrid/CHANGELOG.md,2.1.1,,LATEST_STABLE
@azure/arm-locks,sdk/locks/arm-locks,2.1.1,sdk/locks/arm-locks/CHANGELOG.md,2.1.1,2.0.0-beta.1,LATEST_STABLE
@azure/arm-trustedsigning,sdk/trustedsigning/arm-trustedsigning,1.0.0-beta.3,sdk/trustedsigning/arm-trustedsigning/CHANGELOG.md,,1.0.0-beta.3,LATEST_BETA
@azure/arm-servicebus,sdk/servicebus/arm-servicebus,6.2.0-beta.2,sdk/servicebus/arm-servicebus/CHANGELOG.md,6.1.0,6.2.0-beta.2,LATEST_BETA
@azure/service-bus,sdk/servicebus/service-bus,7.10.0-beta.3,sdk/servicebus/service-bus/CHANGELOG.md,7.9.5,7.10.0-beta.3,LATEST_BETA
@azure/container-registry,sdk/containerregistry/container-registry,1.1.1,sdk/containerregistry/container-registry/CHANGELOG.md,1.1.1,1.1.0-beta.3,LATEST_STABLE
@azure/arm-analysisservices,sdk/analysisservices/arm-analysisservices,4.1.4,sdk/analysisservices/arm-analysisservices/CHANGELOG.md,4.1.4,4.0.0-beta.1,LATEST_STABLE
@azure/arm-edgezones,sdk/edgezones/arm-edgezones,1.0.0-beta.4,sdk/edgezones/arm-edgezones/CHANGELOG.md,,1.0.0-beta.4,LATEST_BETA
@azure-rest/arm-containerservice,sdk/containerservice/arm-containerservice-rest,1.0.0-beta.3,sdk/containerservice/arm-containerservice-rest/CHANGELOG.md,,1.0.0-beta.3,LATEST_BETA
@azure/arm-confluent,sdk/confluent/arm-confluent,3.1.1,sdk/confluent/arm-confluent/CHANGELOG.md,3.1.1,3.0.0-beta.3,LATEST_STABLE
@azure/arm-mysql-flexible,sdk/mysql/arm-mysql-flexible,4.0.0-beta.3,sdk/mysql/arm-mysql-flexible/CHANGELOG.md,3.1.0,4.0.0-beta.3,LATEST_BETA
@azure/arm-mysql,sdk/mysql/arm-mysql,5.1.1,sdk/mysql/arm-mysql/CHANGELOG.md,5.1.1,5.0.0-beta.1,LATEST_STABLE
@azure/arm-automation,sdk/automation/arm-automation,11.0.0-beta.5,sdk/automation/arm-automation/CHANGELOG.md,10.1.1,11.0.0-beta.5,LATEST_BETA
@azure/arm-informaticadatamanagement,sdk/informatica/arm-informaticadatamanagement,1.0.1,sdk/informatica/arm-informaticadatamanagement/CHANGELOG.md,1.0.1,1.0.0-beta.1,LATEST_STABLE
@azure/arm-costmanagement,sdk/cost-management/arm-costmanagement,1.0.0-beta.2,sdk/cost-management/arm-costmanagement/CHANGELOG.md,,1.0.0-beta.2,LATEST_BETA
@azure/arm-powerbiembedded,sdk/powerbiembedded/arm-powerbiembedded,2.0.3,sdk/powerbiembedded/arm-powerbiembedded/CHANGELOG.md,2.0.3,,LATEST_STABLE
@azure/arm-cdn,sdk/cdn/arm-cdn,9.1.1,sdk/cdn/arm-cdn/CHANGELOG.md,9.1.1,6.0.0-beta.1,LATEST_STABLE
@azure/arm-batch,sdk/batch/arm-batch,10.0.1,sdk/batch/arm-batch/CHANGELOG.md,10.0.1,7.0.0-beta.1,LATEST_STABLE
@azure/arm-migrationdiscoverysap,sdk/migrationdiscovery/arm-migrationdiscoverysap,1.0.0-beta.2,sdk/migrationdiscovery/arm-migrationdiscoverysap/CHANGELOG.md,,1.0.0-beta.2,LATEST_BETA
@azure/web-pubsub-client-protobuf,sdk/web-pubsub/web-pubsub-client-protobuf,1.0.0-beta.3,sdk/web-pubsub/web-pubsub-client-protobuf/CHANGELOG.md,,1.0.0-beta.3,LATEST_BETA
@azure/arm-webpubsub,sdk/web-pubsub/arm-webpubsub,1.2.1,sdk/web-pubsub/arm-webpubsub/CHANGELOG.md,1.2.1,2.0.0-beta.2,LATEST_STABLE
@azure/web-pubsub-client,sdk/web-pubsub/web-pubsub-client,1.0.3,sdk/web-pubsub/web-pubsub-client/CHANGELOG.md,1.0.3,1.0.0-beta.3,LATEST_STABLE
